,,Copy & paste the Share link for each image file from Dropbox,,,,,
Product Name,SKU,Product Image,Feature Icon 1,Feature Icon 2,Feature Icon 3,Feature Icon 4,Feature Icon 5
ChiRunning Jumpstart Package,crjumpdig,https://www.dropbox.com/s/b92eln4exyamne7/chimarathon-jumpstart-package.jpg?dl=0,https://chiliving2021.wpengine.com/wp-content/uploads/2022/01/movement-that-makes-sense-icon-white.png,https://chiliving2021.wpengine.com/wp-content/uploads/2022/01/injury-free-icon-white.png,https://chiliving2021.wpengine.com/wp-content/uploads/2022/01/run-with-confidence-icon-white.png,https://chiliving2021.wpengine.com/wp-content/uploads/2022/01/stay-consistent-icon-white.png,https://chiliving2021.wpengine.com/wp-content/uploads/2022/01/love-running-for-life-icon-white.png
ChiRunning Jumpstart Package,crjump ,https://www.dropbox.com/s/b92eln4exyamne7/chimarathon-jumpstart-package.jpg?dl=0,https://chiliving2021.wpengine.com/wp-content/uploads/2022/01/movement-that-makes-sense-icon-white.png,https://chiliving2021.wpengine.com/wp-content/uploads/2022/01/injury-free-icon-white.png,https://chiliving2021.wpengine.com/wp-content/uploads/2022/01/run-with-confidence-icon-white.png,https://chiliving2021.wpengine.com/wp-content/uploads/2022/01/stay-consistent-icon-white.png,https://chiliving2021.wpengine.com/wp-content/uploads/2022/01/love-running-for-life-icon-white.png
ChiWalking Audio Program,cwaudio,https://www.dropbox.com/s/fo1cmh5xijxq7io/chiwalking-audio-program.jpg?dl=0,https://chiliving2021.wpengine.com/wp-content/uploads/2022/01/movement-that-makes-sense-icon-white.png,https://chiliving2021.wpengine.com/wp-content/uploads/2022/01/injury-free-icon-white.png,https://chiliving2021.wpengine.com/wp-content/uploads/2022/01/walk-with-confidence-icon-white.png,https://chiliving2021.wpengine.com/wp-content/uploads/2022/01/stay-consistent-icon-white.png,https://chiliving2021.wpengine.com/wp-content/uploads/2022/01/love-fitness-for-life-icon-white.png
ChiWalk-Run Jumpstart Package,wrdvdtpdig,https://www.dropbox.com/s/yiwe5gcnxjbo2f5/chiwalk-run-jumpstart-package.jpg?dl=0,https://chiliving2021.wpengine.com/wp-content/uploads/2022/01/movement-that-makes-sense-icon-white.png,https://chiliving2021.wpengine.com/wp-content/uploads/2022/01/injury-free-icon-white.png,https://chiliving2021.wpengine.com/wp-content/uploads/2022/01/run-with-confidence-icon-white.png,https://chiliving2021.wpengine.com/wp-content/uploads/2022/01/stay-consistent-icon-white.png,https://chiliving2021.wpengine.com/wp-content/uploads/2022/01/love-running-for-life-icon-white.png
ChiWalk-Run Jumpstart Package,wrdvdtp ,https://www.dropbox.com/s/yiwe5gcnxjbo2f5/chiwalk-run-jumpstart-package.jpg?dl=0,https://chiliving2021.wpengine.com/wp-content/uploads/2022/01/movement-that-makes-sense-icon-white.png,https://chiliving2021.wpengine.com/wp-content/uploads/2022/01/injury-free-icon-white.png,https://chiliving2021.wpengine.com/wp-content/uploads/2022/01/run-with-confidence-icon-white.png,https://chiliving2021.wpengine.com/wp-content/uploads/2022/01/stay-consistent-icon-white.png,https://chiliving2021.wpengine.com/wp-content/uploads/2022/01/love-running-for-life-icon-white.png
ChiWalk-Run Complete Package,cwrpackdig,https://www.dropbox.com/s/so2o3nx753db177/chiwalk-run-complete-package.jpg?dl=0,https://chiliving2021.wpengine.com/wp-content/uploads/2022/01/movement-that-makes-sense-icon-white.png,https://chiliving2021.wpengine.com/wp-content/uploads/2022/01/injury-free-icon-white.png,https://chiliving2021.wpengine.com/wp-content/uploads/2022/01/run-with-confidence-icon-white.png,https://chiliving2021.wpengine.com/wp-content/uploads/2022/01/stay-consistent-icon-white.png,https://chiliving2021.wpengine.com/wp-content/uploads/2022/01/love-running-for-life-icon-white.png
ChiWalk-Run Complete Package,cwrpack ,https://www.dropbox.com/s/so2o3nx753db177/chiwalk-run-complete-package.jpg?dl=0,https://chiliving2021.wpengine.com/wp-content/uploads/2022/01/movement-that-makes-sense-icon-white.png,https://chiliving2021.wpengine.com/wp-content/uploads/2022/01/injury-free-icon-white.png,https://chiliving2021.wpengine.com/wp-content/uploads/2022/01/run-with-confidence-icon-white.png,https://chiliving2021.wpengine.com/wp-content/uploads/2022/01/stay-consistent-icon-white.png,https://chiliving2021.wpengine.com/wp-content/uploads/2022/01/love-running-for-life-icon-white.png
ChiWalking Jumpstart Package,cwjumpdig,https://www.dropbox.com/s/nf4li2vqhas2w7b/chiwalking-jumpstart-package.jpg?dl=0,https://chiliving2021.wpengine.com/wp-content/uploads/2022/01/movement-that-makes-sense-icon-white.png,https://chiliving2021.wpengine.com/wp-content/uploads/2022/01/injury-free-icon-white.png,https://chiliving2021.wpengine.com/wp-content/uploads/2022/01/walk-with-confidence-icon-white.png,https://chiliving2021.wpengine.com/wp-content/uploads/2022/01/stay-consistent-icon-white.png,https://chiliving2021.wpengine.com/wp-content/uploads/2022/01/love-fitness-for-life-icon-white.png
ChiWalking Jumpstart Package,cwjump ,https://www.dropbox.com/s/nf4li2vqhas2w7b/chiwalking-jumpstart-package.jpg?dl=0,https://chiliving2021.wpengine.com/wp-content/uploads/2022/01/movement-that-makes-sense-icon-white.png,https://chiliving2021.wpengine.com/wp-content/uploads/2022/01/injury-free-icon-white.png,https://chiliving2021.wpengine.com/wp-content/uploads/2022/01/walk-with-confidence-icon-white.png,https://chiliving2021.wpengine.com/wp-content/uploads/2022/01/stay-consistent-icon-white.png,https://chiliving2021.wpengine.com/wp-content/uploads/2022/01/love-fitness-for-life-icon-white.png
ChiWalking Complete Package,ccwpackdig,https://www.dropbox.com/s/q9lvg2w6vdmyrvb/chiwalking-complete-package.jpg?dl=0,https://chiliving2021.wpengine.com/wp-content/uploads/2022/01/movement-that-makes-sense-icon-white.png,https://chiliving2021.wpengine.com/wp-content/uploads/2022/01/injury-free-icon-white.png,https://chiliving2021.wpengine.com/wp-content/uploads/2022/01/walk-with-confidence-icon-white.png,https://chiliving2021.wpengine.com/wp-content/uploads/2022/01/stay-consistent-icon-white.png,https://chiliving2021.wpengine.com/wp-content/uploads/2022/01/love-fitness-for-life-icon-white.png
ChiWalking Complete Package,ccwpack ,https://www.dropbox.com/s/q9lvg2w6vdmyrvb/chiwalking-complete-package.jpg?dl=0,https://chiliving2021.wpengine.com/wp-content/uploads/2022/01/movement-that-makes-sense-icon-white.png,https://chiliving2021.wpengine.com/wp-content/uploads/2022/01/injury-free-icon-white.png,https://chiliving2021.wpengine.com/wp-content/uploads/2022/01/walk-with-confidence-icon-white.png,https://chiliving2021.wpengine.com/wp-content/uploads/2022/01/stay-consistent-icon-white.png,https://chiliving2021.wpengine.com/wp-content/uploads/2022/01/love-fitness-for-life-icon-white.png
ChiRunning Complete Package,ccrpackdig,https://www.dropbox.com/s/8mxe9nqzis9uow1/chirunning-complete-package.jpg?dl=0,https://chiliving2021.wpengine.com/wp-content/uploads/2022/01/movement-that-makes-sense-icon-white.png,https://chiliving2021.wpengine.com/wp-content/uploads/2022/01/injury-free-icon-white.png,https://chiliving2021.wpengine.com/wp-content/uploads/2022/01/run-with-confidence-icon-white.png,https://chiliving2021.wpengine.com/wp-content/uploads/2022/01/stay-consistent-icon-white.png,https://chiliving2021.wpengine.com/wp-content/uploads/2022/01/love-running-for-life-icon-white.png
ChiRunning Complete Package,ccrpack ,https://www.dropbox.com/s/8mxe9nqzis9uow1/chirunning-complete-package.jpg?dl=0,https://chiliving2021.wpengine.com/wp-content/uploads/2022/01/movement-that-makes-sense-icon-white.png,https://chiliving2021.wpengine.com/wp-content/uploads/2022/01/injury-free-icon-white.png,https://chiliving2021.wpengine.com/wp-content/uploads/2022/01/run-with-confidence-icon-white.png,https://chiliving2021.wpengine.com/wp-content/uploads/2022/01/stay-consistent-icon-white.png,https://chiliving2021.wpengine.com/wp-content/uploads/2022/01/love-running-for-life-icon-white.png
ChiMarathon Complete Package,ccmpackdig,https://www.dropbox.com/s/tgel920q0fomx9h/chimarathon-complete-package.jpg?dl=0,https://chiliving2021.wpengine.com/wp-content/uploads/2022/01/movement-that-makes-sense-icon-white.png,https://chiliving2021.wpengine.com/wp-content/uploads/2022/01/injury-free-icon-white.png,https://chiliving2021.wpengine.com/wp-content/uploads/2022/01/run-with-confidence-icon-white.png,https://chiliving2021.wpengine.com/wp-content/uploads/2022/01/stay-consistent-icon-white.png,https://chiliving2021.wpengine.com/wp-content/uploads/2022/01/love-running-for-life-icon-white.png
ChiMarathon Complete Package,ccmpack ,https://www.dropbox.com/s/tgel920q0fomx9h/chimarathon-complete-package.jpg?dl=0,https://chiliving2021.wpengine.com/wp-content/uploads/2022/01/movement-that-makes-sense-icon-white.png,https://chiliving2021.wpengine.com/wp-content/uploads/2022/01/injury-free-icon-white.png,https://chiliving2021.wpengine.com/wp-content/uploads/2022/01/run-with-confidence-icon-white.png,https://chiliving2021.wpengine.com/wp-content/uploads/2022/01/stay-consistent-icon-white.png,https://chiliving2021.wpengine.com/wp-content/uploads/2022/01/love-running-for-life-icon-white.png
ChiMarathon Starter Package,cmbookdvddig,https://www.dropbox.com/s/vwbsjfm93k26u7q/chimarathon-starter-package.jpg?dl=0,https://chiliving2021.wpengine.com/wp-content/uploads/2022/01/movement-that-makes-sense-icon-white.png,https://chiliving2021.wpengine.com/wp-content/uploads/2022/01/injury-free-icon-white.png,https://chiliving2021.wpengine.com/wp-content/uploads/2022/01/run-with-confidence-icon-white.png,https://chiliving2021.wpengine.com/wp-content/uploads/2022/01/stay-consistent-icon-white.png,https://chiliving2021.wpengine.com/wp-content/uploads/2022/01/love-running-for-life-icon-white.png
ChiMarathon Starter Package,cmbookdvd ,https://www.dropbox.com/s/vwbsjfm93k26u7q/chimarathon-starter-package.jpg?dl=0,https://chiliving2021.wpengine.com/wp-content/uploads/2022/01/movement-that-makes-sense-icon-white.png,https://chiliving2021.wpengine.com/wp-content/uploads/2022/01/injury-free-icon-white.png,https://chiliving2021.wpengine.com/wp-content/uploads/2022/01/run-with-confidence-icon-white.png,https://chiliving2021.wpengine.com/wp-content/uploads/2022/01/stay-consistent-icon-white.png,https://chiliving2021.wpengine.com/wp-content/uploads/2022/01/love-running-for-life-icon-white.png
ChiWalking DVD,cwdvddig,https://www.dropbox.com/s/y1fw1rv40hlrobg/chiwalking-dvd.jpg?dl=0,https://chiliving2021.wpengine.com/wp-content/uploads/2022/01/movement-that-makes-sense-icon-white.png,https://chiliving2021.wpengine.com/wp-content/uploads/2022/01/injury-free-icon-white.png,https://chiliving2021.wpengine.com/wp-content/uploads/2022/01/walk-with-confidence-icon-white.png,https://chiliving2021.wpengine.com/wp-content/uploads/2022/01/stay-consistent-icon-white.png,https://chiliving2021.wpengine.com/wp-content/uploads/2022/01/love-fitness-for-life-icon-white.png
ChiWalking DVD,cwdvd ,https://www.dropbox.com/s/y1fw1rv40hlrobg/chiwalking-dvd.jpg?dl=0,https://chiliving2021.wpengine.com/wp-content/uploads/2022/01/movement-that-makes-sense-icon-white.png,https://chiliving2021.wpengine.com/wp-content/uploads/2022/01/injury-free-icon-white.png,https://chiliving2021.wpengine.com/wp-content/uploads/2022/01/walk-with-confidence-icon-white.png,https://chiliving2021.wpengine.com/wp-content/uploads/2022/01/stay-consistent-icon-white.png,https://chiliving2021.wpengine.com/wp-content/uploads/2022/01/love-fitness-for-life-icon-white.png
Hills & Trails DVD,htdvddig,https://www.dropbox.com/s/rmuok2z0ikklhzu/hills-trails-dvd.jpg?dl=0,https://chiliving2021.wpengine.com/wp-content/uploads/2022/01/movement-that-makes-sense-icon-white.png,https://chiliving2021.wpengine.com/wp-content/uploads/2022/01/injury-free-icon-white.png,https://chiliving2021.wpengine.com/wp-content/uploads/2022/01/run-with-confidence-icon-white.png,https://chiliving2021.wpengine.com/wp-content/uploads/2022/01/stay-consistent-icon-white.png,https://chiliving2021.wpengine.com/wp-content/uploads/2022/01/love-running-for-life-icon-white.png
Hills & Trails DVD,htdvd ,https://www.dropbox.com/s/rmuok2z0ikklhzu/hills-trails-dvd.jpg?dl=0,https://chiliving2021.wpengine.com/wp-content/uploads/2022/01/movement-that-makes-sense-icon-white.png,https://chiliving2021.wpengine.com/wp-content/uploads/2022/01/injury-free-icon-white.png,https://chiliving2021.wpengine.com/wp-content/uploads/2022/01/run-with-confidence-icon-white.png,https://chiliving2021.wpengine.com/wp-content/uploads/2022/01/stay-consistent-icon-white.png,https://chiliving2021.wpengine.com/wp-content/uploads/2022/01/love-running-for-life-icon-white.png
ChiRunning DVD Deutsche Untertitel,crdvdge,https://www.dropbox.com/s/647z6vq8o32l71z/chirunning-dvd.jpg?dl=0,https://chiliving2021.wpengine.com/wp-content/uploads/2022/01/movement-that-makes-sense-icon-white.png,https://chiliving2021.wpengine.com/wp-content/uploads/2022/01/injury-free-icon-white.png,https://chiliving2021.wpengine.com/wp-content/uploads/2022/01/run-with-confidence-icon-white.png,https://chiliving2021.wpengine.com/wp-content/uploads/2022/01/stay-consistent-icon-white.png,https://chiliving2021.wpengine.com/wp-content/uploads/2022/01/love-running-for-life-icon-white.png
ChiRunning DVD Subtítulos en español ,crdvdsp,https://www.dropbox.com/s/647z6vq8o32l71z/chirunning-dvd.jpg?dl=0,https://chiliving2021.wpengine.com/wp-content/uploads/2022/01/movement-that-makes-sense-icon-white.png,https://chiliving2021.wpengine.com/wp-content/uploads/2022/01/injury-free-icon-white.png,https://chiliving2021.wpengine.com/wp-content/uploads/2022/01/run-with-confidence-icon-white.png,https://chiliving2021.wpengine.com/wp-content/uploads/2022/01/stay-consistent-icon-white.png,https://chiliving2021.wpengine.com/wp-content/uploads/2022/01/love-running-for-life-icon-white.png
ChiRunning DVD Nederlandse ondertiteling ,crdvdge,https://www.dropbox.com/s/647z6vq8o32l71z/chirunning-dvd.jpg?dl=0,https://chiliving2021.wpengine.com/wp-content/uploads/2022/01/movement-that-makes-sense-icon-white.png,https://chiliving2021.wpengine.com/wp-content/uploads/2022/01/injury-free-icon-white.png,https://chiliving2021.wpengine.com/wp-content/uploads/2022/01/run-with-confidence-icon-white.png,https://chiliving2021.wpengine.com/wp-content/uploads/2022/01/stay-consistent-icon-white.png,https://chiliving2021.wpengine.com/wp-content/uploads/2022/01/love-running-for-life-icon-white.png
ChiRunning DVD,crdvddig,https://www.dropbox.com/s/647z6vq8o32l71z/chirunning-dvd.jpg?dl=0,https://chiliving2021.wpengine.com/wp-content/uploads/2022/01/movement-that-makes-sense-icon-white.png,https://chiliving2021.wpengine.com/wp-content/uploads/2022/01/injury-free-icon-white.png,https://chiliving2021.wpengine.com/wp-content/uploads/2022/01/run-with-confidence-icon-white.png,https://chiliving2021.wpengine.com/wp-content/uploads/2022/01/stay-consistent-icon-white.png,https://chiliving2021.wpengine.com/wp-content/uploads/2022/01/love-running-for-life-icon-white.png
ChiRunning DVD,crdvd ,https://www.dropbox.com/s/647z6vq8o32l71z/chirunning-dvd.jpg?dl=0,https://chiliving2021.wpengine.com/wp-content/uploads/2022/01/movement-that-makes-sense-icon-white.png,https://chiliving2021.wpengine.com/wp-content/uploads/2022/01/injury-free-icon-white.png,https://chiliving2021.wpengine.com/wp-content/uploads/2022/01/run-with-confidence-icon-white.png,https://chiliving2021.wpengine.com/wp-content/uploads/2022/01/stay-consistent-icon-white.png,https://chiliving2021.wpengine.com/wp-content/uploads/2022/01/love-running-for-life-icon-white.png
ChiWalking Starter Package,cwbookdvddig,https://www.dropbox.com/s/2m8929zm5jaissf/chiwalking-starter-package.jpg?dl=0,https://chiliving2021.wpengine.com/wp-content/uploads/2022/01/movement-that-makes-sense-icon-white.png,https://chiliving2021.wpengine.com/wp-content/uploads/2022/01/injury-free-icon-white.png,https://chiliving2021.wpengine.com/wp-content/uploads/2022/01/walk-with-confidence-icon-white.png,https://chiliving2021.wpengine.com/wp-content/uploads/2022/01/stay-consistent-icon-white.png,https://chiliving2021.wpengine.com/wp-content/uploads/2022/01/love-fitness-for-life-icon-white.png
ChiWalking Starter Package,cwbookdvd ,https://www.dropbox.com/s/2m8929zm5jaissf/chiwalking-starter-package.jpg?dl=0,https://chiliving2021.wpengine.com/wp-content/uploads/2022/01/movement-that-makes-sense-icon-white.png,https://chiliving2021.wpengine.com/wp-content/uploads/2022/01/injury-free-icon-white.png,https://chiliving2021.wpengine.com/wp-content/uploads/2022/01/walk-with-confidence-icon-white.png,https://chiliving2021.wpengine.com/wp-content/uploads/2022/01/stay-consistent-icon-white.png,https://chiliving2021.wpengine.com/wp-content/uploads/2022/01/love-fitness-for-life-icon-white.png
ChiRunning Starter Package,crbookdvddig,https://www.dropbox.com/s/xfrm21vo5a8wm8j/chirunning-starter-package.jpg?dl=0,https://chiliving2021.wpengine.com/wp-content/uploads/2022/01/movement-that-makes-sense-icon-white.png,https://chiliving2021.wpengine.com/wp-content/uploads/2022/01/injury-free-icon-white.png,https://chiliving2021.wpengine.com/wp-content/uploads/2022/01/run-with-confidence-icon-white.png,https://chiliving2021.wpengine.com/wp-content/uploads/2022/01/stay-consistent-icon-white.png,https://chiliving2021.wpengine.com/wp-content/uploads/2022/01/love-running-for-life-icon-white.png
ChiRunning Starter Package,crbookdvd ,https://www.dropbox.com/s/xfrm21vo5a8wm8j/chirunning-starter-package.jpg?dl=0,https://chiliving2021.wpengine.com/wp-content/uploads/2022/01/movement-that-makes-sense-icon-white.png,https://chiliving2021.wpengine.com/wp-content/uploads/2022/01/injury-free-icon-white.png,https://chiliving2021.wpengine.com/wp-content/uploads/2022/01/run-with-confidence-icon-white.png,https://chiliving2021.wpengine.com/wp-content/uploads/2022/01/stay-consistent-icon-white.png,https://chiliving2021.wpengine.com/wp-content/uploads/2022/01/love-running-for-life-icon-white.png
8 Weeks to a 5K Workbook,cwwkb,https://www.dropbox.com/s/4m7d20akaxq0lcu/8-weeks-5k-workbook.jpg?dl=0,https://chiliving2021.wpengine.com/wp-content/uploads/2022/01/movement-that-makes-sense-icon-white.png,https://chiliving2021.wpengine.com/wp-content/uploads/2022/01/injury-free-icon-white.png,https://chiliving2021.wpengine.com/wp-content/uploads/2022/01/walk-with-confidence-icon-white.png,https://chiliving2021.wpengine.com/wp-content/uploads/2022/01/stay-consistent-icon-white.png,https://chiliving2021.wpengine.com/wp-content/uploads/2022/01/love-fitness-for-life-icon-white.png
Fitness Walking for Lifelong Health and Energy,cwbook,https://www.dropbox.com/s/q2z8782rtzytiun/chiwalking-book-fitness-walking.jpg?dl=0,https://chiliving2021.wpengine.com/wp-content/uploads/2022/01/movement-that-makes-sense-icon-white.png,https://chiliving2021.wpengine.com/wp-content/uploads/2022/01/injury-free-icon-white.png,https://chiliving2021.wpengine.com/wp-content/uploads/2022/01/walk-with-confidence-icon-white.png,https://chiliving2021.wpengine.com/wp-content/uploads/2022/01/stay-consistent-icon-white.png,https://chiliving2021.wpengine.com/wp-content/uploads/2022/01/love-fitness-for-life-icon-white.png
"A Revolutionary Approach to Effortless, Injury-Free Running",crbook,https://www.dropbox.com/s/z1d9r3hjgb9126g/chirunning-book-injury-free-running.jpg?dl=0,https://chiliving2021.wpengine.com/wp-content/uploads/2022/01/movement-that-makes-sense-icon-white.png,https://chiliving2021.wpengine.com/wp-content/uploads/2022/01/injury-free-icon-white.png,https://chiliving2021.wpengine.com/wp-content/uploads/2022/01/run-with-confidence-icon-white.png,https://chiliving2021.wpengine.com/wp-content/uploads/2022/01/stay-consistent-icon-white.png,https://chiliving2021.wpengine.com/wp-content/uploads/2022/01/love-running-for-life-icon-white.png
The Breakthrough Natural Running Program for a Pain-Free Half Marathon and Marathon,cmbook,https://www.dropbox.com/s/7eyw2r7ugcv1ywh/chi-marathon-book.jpg?dl=0,https://chiliving2021.wpengine.com/wp-content/uploads/2022/01/movement-that-makes-sense-icon-white.png,https://chiliving2021.wpengine.com/wp-content/uploads/2022/01/injury-free-icon-white.png,https://chiliving2021.wpengine.com/wp-content/uploads/2022/01/run-with-confidence-icon-white.png,https://chiliving2021.wpengine.com/wp-content/uploads/2022/01/stay-consistent-icon-white.png,https://chiliving2021.wpengine.com/wp-content/uploads/2022/01/love-running-for-life-icon-white.png
ChiWalk-Run Training Program,wrdvdtpdig,https://www.dropbox.com/s/34s7zxm7azuq9rr/chiwalk-run-training-program.jpg?dl=0,https://chiliving2021.wpengine.com/wp-content/uploads/2022/01/movement-that-makes-sense-icon-white.png,https://chiliving2021.wpengine.com/wp-content/uploads/2022/01/injury-free-icon-white.png,https://chiliving2021.wpengine.com/wp-content/uploads/2022/01/run-with-confidence-icon-white.png,https://chiliving2021.wpengine.com/wp-content/uploads/2022/01/stay-consistent-icon-white.png,https://chiliving2021.wpengine.com/wp-content/uploads/2022/01/love-running-for-life-icon-white.png
ChiWalk-Run Training Program,wrdvdtp ,https://www.dropbox.com/s/34s7zxm7azuq9rr/chiwalk-run-training-program.jpg?dl=0,https://chiliving2021.wpengine.com/wp-content/uploads/2022/01/movement-that-makes-sense-icon-white.png,https://chiliving2021.wpengine.com/wp-content/uploads/2022/01/injury-free-icon-white.png,https://chiliving2021.wpengine.com/wp-content/uploads/2022/01/run-with-confidence-icon-white.png,https://chiliving2021.wpengine.com/wp-content/uploads/2022/01/stay-consistent-icon-white.png,https://chiliving2021.wpengine.com/wp-content/uploads/2022/01/love-running-for-life-icon-white.png
Metronome,met,https://www.dropbox.com/s/o668owf520owpfw/metronome.jpg?dl=0,,,,,
ChiRunning Marathon Digital Training Program (powered by FinalSurge),fullintfs,https://www.dropbox.com/s/fy4o5nmuu7w3neu/chirunning-marathon-training-program-intermediate.jpg?dl=0,,,,,
ChiRunning Marathon Digital Training Program (powered by FinalSurge),fullbegfs,https://www.dropbox.com/s/il5p7tdl9p6foz6/chirunning-marathon-training-program-beginner.jpg?dl=0,,,,,
ChiRunning Half Marathon Digital Training Program - Intermediate (powered by FinalSurge),halfintfs,https://www.dropbox.com/s/nc8lt0c4nt8vfxa/chirunning-half-marathon-training-program-intermediate.jpg?dl=0,,,,,
ChiRunning Half Marathon Digital Training Program - Beginner (powered by FinalSurge),halfbegfs,https://www.dropbox.com/s/f572vg4j5hnfiam/chirunning-half-marathon-training-program-beginner.jpg?dl=0,,,,,
"ChiRunning 10K Digital Training Program (powered by FinalSurge)
 No price listed on new site",10kintfs,https://www.dropbox.com/s/yw068m2jhcdpf5k/chirunning-10k-training-program-intermediate.jpg?dl=0,,,,,
ChiRunning 10K Digital Training Program (powered by FinalSurge),10kbegfs,https://www.dropbox.com/s/ifft8t0rsjyxamt/chirunning-10k-training-program-beginner.jpg?dl=0,,,,,
"ChiRunning 5K Digital Training Program (powered by FinalSurge)
 No price listed on new site",5kintfs,https://www.dropbox.com/s/vwm85rnluum4xcq/chirunning-5k-training-program-intermediate.jpg?dl=0,,,,,
"ChiRunning 5K Digital Training Program (powered by FinalSurge)
There is no variation to 5kintfs referencing this product.",5kbegfs,https://www.dropbox.com/s/50ty4ez47qp2g5h/chirunning-5k-training-program-beginner.jpg?dl=0,,,,,
ChiRunning Marathon Training Program,fullint,https://www.dropbox.com/s/fy4o5nmuu7w3neu/chirunning-marathon-training-program-intermediate.jpg?dl=0,https://chiliving2021.wpengine.com/wp-content/uploads/2022/01/movement-that-makes-sense-icon-white.png,https://chiliving2021.wpengine.com/wp-content/uploads/2022/01/injury-free-icon-white.png,https://chiliving2021.wpengine.com/wp-content/uploads/2022/01/run-with-confidence-icon-white.png,https://chiliving2021.wpengine.com/wp-content/uploads/2022/01/stay-consistent-icon-white.png,https://chiliving2021.wpengine.com/wp-content/uploads/2022/01/love-running-for-life-icon-white.png
ChiRunning Marathon Training Program,fullbeg,https://www.dropbox.com/s/il5p7tdl9p6foz6/chirunning-marathon-training-program-beginner.jpg?dl=0,https://chiliving2021.wpengine.com/wp-content/uploads/2022/01/movement-that-makes-sense-icon-white.png,https://chiliving2021.wpengine.com/wp-content/uploads/2022/01/injury-free-icon-white.png,https://chiliving2021.wpengine.com/wp-content/uploads/2022/01/run-with-confidence-icon-white.png,https://chiliving2021.wpengine.com/wp-content/uploads/2022/01/stay-consistent-icon-white.png,https://chiliving2021.wpengine.com/wp-content/uploads/2022/01/love-running-for-life-icon-white.png
ChiRunning Half Marathon Training Program,halfint,https://www.dropbox.com/s/nc8lt0c4nt8vfxa/chirunning-half-marathon-training-program-intermediate.jpg?dl=0,https://chiliving2021.wpengine.com/wp-content/uploads/2022/01/movement-that-makes-sense-icon-white.png,https://chiliving2021.wpengine.com/wp-content/uploads/2022/01/injury-free-icon-white.png,https://chiliving2021.wpengine.com/wp-content/uploads/2022/01/run-with-confidence-icon-white.png,https://chiliving2021.wpengine.com/wp-content/uploads/2022/01/stay-consistent-icon-white.png,https://chiliving2021.wpengine.com/wp-content/uploads/2022/01/love-running-for-life-icon-white.png
ChiRunning Half Marathon Training Program,halfbeg,https://www.dropbox.com/s/f572vg4j5hnfiam/chirunning-half-marathon-training-program-beginner.jpg?dl=0,https://chiliving2021.wpengine.com/wp-content/uploads/2022/01/movement-that-makes-sense-icon-white.png,https://chiliving2021.wpengine.com/wp-content/uploads/2022/01/injury-free-icon-white.png,https://chiliving2021.wpengine.com/wp-content/uploads/2022/01/run-with-confidence-icon-white.png,https://chiliving2021.wpengine.com/wp-content/uploads/2022/01/stay-consistent-icon-white.png,https://chiliving2021.wpengine.com/wp-content/uploads/2022/01/love-running-for-life-icon-white.png
ChiRunning 10K Training Program,10kint,https://www.dropbox.com/s/yw068m2jhcdpf5k/chirunning-10k-training-program-intermediate.jpg?dl=0,https://chiliving2021.wpengine.com/wp-content/uploads/2022/01/movement-that-makes-sense-icon-white.png,https://chiliving2021.wpengine.com/wp-content/uploads/2022/01/injury-free-icon-white.png,https://chiliving2021.wpengine.com/wp-content/uploads/2022/01/run-with-confidence-icon-white.png,https://chiliving2021.wpengine.com/wp-content/uploads/2022/01/stay-consistent-icon-white.png,https://chiliving2021.wpengine.com/wp-content/uploads/2022/01/love-running-for-life-icon-white.png
ChiRunning 10K Training Program,10kbeg,https://www.dropbox.com/s/ifft8t0rsjyxamt/chirunning-10k-training-program-beginner.jpg?dl=0,https://chiliving2021.wpengine.com/wp-content/uploads/2022/01/movement-that-makes-sense-icon-white.png,https://chiliving2021.wpengine.com/wp-content/uploads/2022/01/injury-free-icon-white.png,https://chiliving2021.wpengine.com/wp-content/uploads/2022/01/run-with-confidence-icon-white.png,https://chiliving2021.wpengine.com/wp-content/uploads/2022/01/stay-consistent-icon-white.png,https://chiliving2021.wpengine.com/wp-content/uploads/2022/01/love-running-for-life-icon-white.png
ChiRunning 5K Training Program,5kint,https://www.dropbox.com/s/vwm85rnluum4xcq/chirunning-5k-training-program-intermediate.jpg?dl=0,https://chiliving2021.wpengine.com/wp-content/uploads/2022/01/movement-that-makes-sense-icon-white.png,https://chiliving2021.wpengine.com/wp-content/uploads/2022/01/injury-free-icon-white.png,https://chiliving2021.wpengine.com/wp-content/uploads/2022/01/run-with-confidence-icon-white.png,https://chiliving2021.wpengine.com/wp-content/uploads/2022/01/stay-consistent-icon-white.png,https://chiliving2021.wpengine.com/wp-content/uploads/2022/01/love-running-for-life-icon-white.png
ChiRunning 5K Training Program,5kbeg,https://www.dropbox.com/s/z4t96f70afo4v0u/chirunning-5k-digital-training-program.jpg?dl=0,https://chiliving2021.wpengine.com/wp-content/uploads/2022/01/movement-that-makes-sense-icon-white.png,https://chiliving2021.wpengine.com/wp-content/uploads/2022/01/injury-free-icon-white.png,https://chiliving2021.wpengine.com/wp-content/uploads/2022/01/run-with-confidence-icon-white.png,https://chiliving2021.wpengine.com/wp-content/uploads/2022/01/stay-consistent-icon-white.png,https://chiliving2021.wpengine.com/wp-content/uploads/2022/01/love-running-for-life-icon-white.png
ChiRunning Buff,buff,https://www.dropbox.com/s/hz1qvfb1ntwdql1/chirunning-buff.jpg?dl=0,,,,,
Correct Toes,smct,https://www.dropbox.com/s/tpcaf1bvkpfe93l/correct-toes.jpg?dl=0,,,,,
Correct Toes,medct,https://www.dropbox.com/s/tpcaf1bvkpfe93l/correct-toes.jpg?dl=0,,,,,
Correct Toes,lgct,https://www.dropbox.com/s/tpcaf1bvkpfe93l/correct-toes.jpg?dl=0,,,,,
Virtual Training Session with Danny,30ddvirtual,https://www.dropbox.com/s/76erk1w7i0y5nnw/virtual-coaching-session-danny-dryer.jpg?dl=0,,,,,
Virtual Training Session with Danny,60ddvirtual,https://www.dropbox.com/s/76erk1w7i0y5nnw/virtual-coaching-session-danny-dryer.jpg?dl=0,,,,,
Virtual Training Session with Danny,ddvirtualpack,https://www.dropbox.com/s/76erk1w7i0y5nnw/virtual-coaching-session-danny-dryer.jpg?dl=0,,,,,
Private Training Session with Danny,60ddavl,https://www.dropbox.com/s/38dhu2s6sq3g7rm/private-training-session-danny-dryer.jpg?dl=0,,,,,
Private Training Session with Danny,120ddavl,https://www.dropbox.com/s/38dhu2s6sq3g7rm/private-training-session-danny-dryer.jpg?dl=0,,,,,
Private Training Session with Danny,60ddaway,https://www.dropbox.com/s/38dhu2s6sq3g7rm/private-training-session-danny-dryer.jpg?dl=0,,,,,
Private Training Session with Danny,120ddaway,https://www.dropbox.com/s/38dhu2s6sq3g7rm/private-training-session-danny-dryer.jpg?dl=0,,,,,
Men's Master Instructor Athletic Fit T-Shirt,Men's Master Instructor Athletic Fit T-Shirt,,,,,,
Men's ChiRunning Tank,Men's ChiRunning Tank,,,,,,
Women's ChiRunning Scoop Neck T-shirt ,Women's ChiRunning Scoop Neck T-shirt ,,,,,,
"Women's ChiWalking Hoodie
",Women's ChiWalking Hoodie,,,,,,
Twill Flexfit Baseball Cap with Three Logos,Twill Flexfit Baseball Cap with Three Logos,,,,,,
"Twill Flexfit Baseball Cap with ChiRunning Circle Logo
Currently no image on site",Twill Flexfit Baseball Cap with ChiRunning Circle Logo,https://www.dropbox.com/s/omog31ocdctlzkp/twill-flexfit-baseball-cap-chirunning-logo.jpg?dl=0,,,,,
Men's Long Sleeve ChiWalking T-Shirt,Men's Long Sleeve ChiWalking T-Shirt,,,,,,
Women's ChiRunning Hoodie,Women's ChiRunning Hoodie,,,,,,
Women's Master Instructor Slim Fit T-Shirt,Women's Master Instructor Slim Fit T-Shirt,,,,,,
Unisex ChiRunning Baseball T-Shirt,Unisex ChiRunning Baseball T-Shirt,,,,,,
Men's ChiRunning Vertical Logo Tank,Men's ChiRunning Vertical Logo Tank,,,,,,
Women's ChiWalking Moisture Wicking Performance T-Shirt,Women's ChiWalking Moisture Wicking Performance T-Shirt,,,,,,
Brushed Cotton Flexfit Baseball Cap ChiRunning Circle Logo,Brushed Cotton Flexfit Baseball Cap ChiRunning Circle Logo,,,,,,
Men's ChiWalking Moisture Wicking Performance T-Shirt,Men's ChiWalking Moisture Wicking Performance T-Shirt,,,,,,
"Men's ChiRunning Hoodie 
",Men's ChiRunning Hoodie,,,,,,
Master Instructor Sweatshirt Cinch Bag,Master Instructor Sweatshirt Cinch Bag,,,,,,
Unisex ChiRunning Tie Dye T-Shirt,Unisex ChiRunning Tie Dye T-Shirt,,,,,,
Men's ChiRunning Circle Logo Hoodie,Men's ChiRunning Circle Logo Hoodie,,,,,,
"Unisex ChiWalking Cutout Circle Logo Baseball T-Shirt
",Unisex ChiWalking Cutout Circle Logo Baseball T-Shirt,,,,,,
ChiRunning Sweatshirt Cinch Bag,ChiRunning Sweatshirt Cinch Bag,,,,,,
Kid's Master Instructor T-Shirt,Kid's Master Instructor T-Shirt,,,,,,
Men's ChiRunning Circle Logo Moisture Wicking Performance T-Shirt,Men's ChiRunning Circle Logo Moisture Wicking Performance T-Shirt,,,,,,
Unisex ChiRunning Cutout Circle Logo Baseball T-Shirt,Unisex ChiRunning Cutout Circle Logo Baseball T-Shirt,,,,,,
Women's ChiRunning Premium T-Shirt,Women's ChiRunning Premium T-Shirt,,,,,,
Men's Master Instructor Hoodie,Men's Master Instructor Hoodie,,,,,,
Women's ChiRunning Circle Logo Moisture Wicking Performance T-Shirt,Women's ChiRunning Circle Logo Moisture Wicking Performance T-Shirt,,,,,,
Women's ChiRunning Cutout Circle Logo Slim Fit Long Sleeve T-Shirt,Women's ChiRunning Cutout Circle Logo Slim Fit Long Sleeve T-Shirt,,,,,,
Kid's ChiRunning T-Shirt,Kid's ChiRunning T-Shirt,,,,,,
Women's Master Instructor Hoodie,Women's Master Instructor Hoodie,,,,,,
ChiRunning Circle Logo Water Bottle,ChiRunning Circle Logo Water Bottle,,,,,,
"Men's ChiRunning T-Shirt
",Men's ChiRunning T-Shirt,,,,,,
Master Instructor Snapback Baseball Cap,Master Instructor Snapback Baseball Cap,,,,,,
Men's Long Sleeve ChiRunning T-Shirt,Men's Long Sleeve ChiRunning T-Shirt,,,,,,
Baby Master Instructor Bodysuit,Baby Master Instructor Bodysuit,,,,,,
ChiRunning Snapback Baseball Cap,ChiRunning Snapback Baseball Cap,,,,,,
Women's ChiRunning Long Sleeve T-Shirt,Women's ChiRunning Long Sleeve T-Shirt,,,,,,
Baby ChiRunning Bodysuit,Baby ChiRunning Bodysuit,,,,,,